Tipo di attività,Data,Preferita,Titolo,Distanza,Calorie,Tempo,FC Media,FC max,TE attività aerobica,Cadenza di corsa media,Cadenza di corsa max,Passo medio,Passo migliore,Ascesa totale,Discesa totale,Lunghezza media passo,Rapporto verticale medio,Oscillazione verticale media,Tempo medio di contatto con il suolo,Training Stress Score®,Potenza media,Potenza max,Grit,Flow,Swolf medio,Frequenza media vogate,Ripetizioni totali,Tempo di immersione,Temperatura min,Intervallo di superficie,Decompressione,Tempo Lap migliore,Numero di Lap,Temperatura max,Frequenza respiratoria media,Frequenza respiratoria minima,Frequenza respiratoria massima,Variazione stress,Stress iniziale,Stress finale,Stress medio,Stress max,Tempo in movimento,Tempo trascorso,Quota minima,Quota massima
Corsa,2023-09-15 16:58:14,false,"Olgiate Olona Corsa","5,51","412","00:34:30","156","169","3,6","166","175","6:16","5:31","9","12","0,96","0,0","0,0","0","0,0","0","0","0,0","0,0","0","0","0","0:00","0,0","0:00","No","03:25.93","6","0,0","","","","","","","","","00:34:30","00:34:30","221","233"
Corsa,2023-09-12 18:21:59,false,"Olgiate Olona Corsa","5,09","387","00:33:28","155","184","3,4","163","204","6:34","4:02","12","11","0,93","0,0","0,0","0","0,0","0","0","0,0","0,0","0","0","0","0:00","0,0","0:00","No","00:54.50","6","0,0","","","","","","","","","00:33:26","00:33:28","221","233"
Corsa,2023-09-11 12:36:31,false,"Olgiate Olona Corsa","5,07","391","00:34:52","154","168","3,5","163","173","6:52","6:24","35","36","0,89","0,0","0,0","0","0,0","0","0","0,0","0,0","0","0","0","0:00","0,0","0:00","No","00:40.93","6","0,0","","","","","","","","","00:34:51","00:34:52","221","233"
Corsa,2023-09-09 10:02:38,false,"Olgiate Olona - 15' risc + 8x60'' (@175-185 bpm)","5,56","420","00:35:18","156","178","4,0","164","187","6:21","4:29","28","28","0,95","0,0","0,0","0","0,0","0","0","0,0","0,0","0","0","0","0:00","0,0","0:00","No","00:45.00","20","0,0","","","","","","","","","00:35:17","00:35:18","221","233"
Corsa,2023-09-06 12:35:23,false,"Olgiate Olona Corsa","5,21","397","00:32:16","162","179","4,0","165","177","6:12","5:23","15","16","0,98","0,0","0,0","0","0,0","0","0","0,0","0,0","0","0","0","0:00","0,0","0:00","No","01:42.72","6","0,0","","","","","","","","","00:32:15","00:32:16","221","233"
Corsa,2023-09-04 18:43:24,false,"Olgiate Olona Corsa","5,10","382","00:31:26","157","170","3,9","164","170","6:10","5:23","24","23","0,99","0,0","0,0","0","0,0","0","0","0,0","0,0","0","0","0","0:00","0,0","0:00","No","00:40.58","6","0,0","","","","","","","","","00:31:25","00:31:26","221","239"
Corsa,2023-09-01 18:39:38,false,"Olgiate Olona Corsa","5,37","396","00:31:24","164","182","4,3","165","179","5:51","5:02","46","48","1,03","0,0","0,0","0","0,0","0","0","0,0","0,0","0","0","0","0:00","0,0","0:00","No","02:39.100","6","0,0","","","","","","","","","00:31:21","00:31:41","221","233"
Corsa,2023-08-30 18:06:44,false,"Olgiate Olona Corsa","5,18","402","00:38:29","152","163","3,2","165","179","7:26","6:26","13","15","0,82","0,0","0,0","0","0,0","0","0","0,0","0,0","0","0","0","0:00","0,0","0:00","No","01:34.82","6","0,0","","","","","","","","","00:38:28","00:38:29","221","233"
Corsa,2023-08-27 17:35:16,false,"Olgiate Olona Corsa","5,16","377","00:31:06","157","175","3,9","169","185","6:02","4:49","17","20","0,98","0,0","0,0","0","0,0","0","0","0,0","0,0","0","0","0","0:00","0,0","0:00","No","01:27.32","6","0,0","","","","","","","","","00:31:05","00:31:06","221","233"
Corsa,2023-08-23 18:31:58,false,"Olgiate Olona Corsa","5,05","398","00:36:42","156","179","3,4","162","177","7:16","6:24","31","41","0,85","0,0","0,0","0","0,0","0","0","0,0","0,0","0","0","0","0:00","0,0","0:00","No","00:30.31","6","0,0","","","","","","","","","00:36:37","00:36:42","221","233"
Corsa,2023-08-16 16:17:14,false,"Casargo Corsa","3,69","297","00:26:34","155","174","3,2","163","175","7:12","5:08","75","64","0,85","0,0","0,0","0","0,0","0","0","0,0","0,0","0","0","0","0:00","0,0","0:00","No","05:46.91","4","0,0","","","","","","","","","00:26:34","00:26:34","751","784"
Corsa,2023-07-30 08:18:37,false,"Olgiate Olona Corsa","3,71","284","00:26:40","146","157","2,8","162","175","7:11","6:28","29","29","0,86","0,0","0,0","0","0,0","0","0","0,0","0,0","0","0","0","0:00","0,0","0:00","No","05:32.64","4","0,0","","","","","","","","","00:26:40","00:26:40","221","233"
Corsa,2023-07-29 18:05:10,false,"Olgiate Olona Corsa","6,26","472","00:38:53","160","185","3,9","173","244","6:13","3:53","","3","0,93","0,0","0,0","0","0,0","0","0","0,0","0,0","0","0","0","0:00","0,0","0:00","No","02:08.97","7","0,0","","","","","","","","","00:38:52","00:38:53","221","233"
Ciclismo,2023-07-28 19:30:53,false,"Olgiate Olona Ciclismo","22,63","438","01:00:45","120","155","2,6","","","22,4","35,1","62","63","0,00","0,0","0,0","0","0,0","0","0","0,0","0,0","0","0","0","0:00","0,0","0:00","No","08:13.95","5","0,0","","","","","","","","","00:58:05","01:02:07","177","234"
Corsa,2023-07-26 17:54:55,false,"Olgiate Olona Corsa","5,09","376","00:33:35","150","169","3,3","170","189","6:36","4:25","26","25","0,89","0,0","0,0","0","0,0","0","0","0,0","0,0","0","0","0","0:00","0,0","0:00","No","00:48.77","6","0,0","","","","","","","","","00:33:31","00:34:15","221","233"
Corsa,2023-07-24 18:02:49,false,"Olgiate Olona Corsa","5,58","412","00:35:04","156","175","3,6","170","191","6:17","5:09","19","23","0,93","0,0","0,0","0","0,0","0","0","0,0","0,0","0","0","0","0:00","0,0","0:00","No","04:18.59","6","0,0","","","","","","","","","00:35:04","00:35:04","221","233"
Ciclismo,2023-07-23 11:52:43,false,"Castellanza Ciclismo","50,22","1.020","02:17:38","127","160","3,2","","","21,9","40,7","145","143","0,00","0,0","0,0","0","0,0","0","0","0,0","0,0","0","0","0","0:00","0,0","0:00","No","00:43.09","11","0,0","","","","","","","","","02:10:53","02:31:19","139","235"
Corsa,2023-07-21 17:32:02,false,"Olgiate Olona Corsa","5,36","402","00:37:09","150","164","3,2","167","177","6:56","6:13","11","6","0,86","0,0","0,0","0","0,0","0","0","0,0","0,0","0","0","0","0:00","0,0","0:00","No","02:51.83","6","0,0","","","","","","","","","00:37:07","00:37:09","221","239"
Corsa,2023-07-18 18:45:43,false,"Olgiate Olona Corsa","1,21","89","00:08:50,0","136","153","2,0","150","173","7:17","6:00","","22","0,92","0,0","0,0","0","0,0","0","0","0,0","0,0","0","0","0","0:00","0,0","0:00","No","01:47.15","2","0,0","","","","","","","","","00:08:32","00:08:50,0","224","249"
Corsa,2023-07-16 16:38:51,false,"Olgiate Olona Corsa","5,52","437","00:36:34","165","179","3,6","165","179","6:38","5:49","37","39","0,92","0,0","0,0","0","0,0","0","0","0,0","0,0","0","0","0","0:00","0,0","0:00","No","03:55.18","6","0,0","","","","","","","","","00:36:34","00:36:34","214","240"
Corsa,2023-07-15 19:49:39,false,"Olgiate Olona Corsa","2,31","167","00:14:08","150","171","2,8","170","189","6:06","4:46","","5","0,96","0,0","0,0","0","0,0","0","0","0,0","0,0","0","0","0","0:00","0,0","0:00","No","01:55.62","3","0,0","","","","","","","","","00:14:04","00:14:19","229","261"
Corsa,2023-07-11 18:35:00,false,"Olgiate Olona Corsa","5,13","385","00:35:23","155","178","3,1","164","198","6:54","4:09","15","12","0,88","0,0","0,0","0","0,0","0","0","0,0","0,0","0","0","0","0:00","0,0","0:00","No","01:12.42","6","0,0","","","","","","","","","00:35:22","00:35:23","221","239"
Corsa,2023-07-10 06:17:45,false,"Olgiate Olona Corsa","5,03","375","00:35:55","143","155","3,1","161","175","7:08","6:23","10","10","0,87","0,0","0,0","0","0,0","0","0","0,0","0,0","0","0","0","0:00","0,0","0:00","No","00:21.66","6","0,0","","","","","","","","","00:35:38","00:35:55","221","239"
Corsa,2023-07-07 12:42:52,false,"Olgiate Olona Corsa","4,66","366","00:36:28","149","167","2,8","161","170","7:49","7:16","35","35","0,80","0,0","0,0","0","0,0","0","0","0,0","0,0","0","0","0","0:00","0,0","0:00","No","05:08.27","5","0,0","","","","","","","","","00:36:27","00:36:28","221","233"
Corsa,2023-07-06 12:42:50,false,"Olgiate Olona - 15' risc + 8x60'' (@175-185 bpm)","5,64","415","00:34:33","158","175","3,7","169","189","6:08","4:30","29","29","0,96","0,0","0,0","0","0,0","0","0","0,0","0,0","0","0","0","0:00","0,0","0:00","No","00:45.00","20","0,0","","","","","","","","","00:34:32","00:34:33","221","233"
Corsa,2023-07-05 18:25:51,false,"Olgiate Olona Corsa","3,55","260","00:25:06","141","155","2,8","164","177","7:04","5:58","2","3","0,86","0,0","0,0","0","0,0","0","0","0,0","0,0","0","0","0","0:00","0,0","0:00","No","03:45.96","4","0,0","","","","","","","","","00:24:55","00:25:06","221","233"
Corsa,2023-07-04 09:51:02,false,"Olgiate Olona Corsa","3,46","258","00:22:12","154","166","3,1","172","181","6:25","5:19","9","10","0,91","0,0","0,0","0","0,0","0","0","0,0","0,0","0","0","0","0:00","0,0","0:00","No","02:54.46","4","0,0","","","","","","","","","00:22:10","00:22:12","221","233"
Corsa,2023-07-03 13:01:52,false,"Olgiate Olona Corsa","4,04","303","00:26:30","158","172","3,2","170","189","6:34","5:01","18","20","0,90","0,0","0,0","0","0,0","0","0","0,0","0,0","0","0","0","0:00","0,0","0:00","No","00:16.89","5","0,0","","","","","","","","","00:26:29","00:26:30","221","233"
Corsa,2023-07-01 18:13:04,false,"Olgiate Olona Corsa","5,33","399","00:38:33","145","156","3,0","165","173","7:14","5:51","24","22","0,84","0,0","0,0","0","0,0","0","0","0,0","0,0","0","0","0","0:00","0,0","0:00","No","02:25.36","6","0,0","","","","","","","","","00:38:32","00:39:27","221","238"
Corsa,2023-06-28 12:40:08,false,"Olgiate Olona Corsa","6,20","469","00:41:35","156","170","3,5","169","177","6:43","6:02","38","39","0,88","0,0","0,0","0","0,0","0","0","0,0","0,0","0","0","0","0:00","0,0","0:00","No","01:23.60","7","0,0","","","","","","","","","00:41:29","00:42:12","221","233"
Corsa,2023-06-26 07:31:31,false,"Olgiate Olona Corsa","3,54","258","00:23:27","145","159","3,0","169","181","6:37","5:50","12","10","0,89","0,0","0,0","0","0,0","0","0","0,0","0,0","0","0","0","0:00","0,0","0:00","No","03:23.99","4","0,0","","","","","","","","","00:23:27","00:23:27","221","233"
Camminata,2023-06-24 11:34:19,false,"Camogli Camminata","1,25","80","00:14:00","113","133","0,5","118","236","11:13","7:44","27","110","0,79","0,0","0,0","0","0,0","0","0","0,0","0,0","0","0","0","0:00","0,0","0:00","No","03:22.24","2","0,0","","","","","","","","","00:13:26","00:14:00","-1","102"
Corsa,2023-06-22 17:33:08,false,"Olgiate Olona Corsa","5,06","372","00:32:14","155","170","3,4","174","183","6:23","5:33","14","14","0,90","0,0","0,0","0","0,0","0","0","0,0","0,0","0","0","0","0:00","0,0","0:00","No","00:23.70","6","0,0","","","","","","","","","00:32:13","00:32:14","221","233"
Corsa,2023-06-21 12:38:18,false,"Olgiate Olona Corsa","6,07","454","00:41:42","151","167","3,3","173","183","6:52","6:08","10","9","0,84","0,0","0,0","0","0,0","0","0","0,0","0,0","0","0","0","0:00","0,0","0:00","No","00:29.09","7","0,0","","","","","","","","","00:41:40","00:41:50","221","238"
Corsa,2023-06-19 06:49:15,false,"Olgiate Olona Corsa","4,03","287","00:30:26","134","151","2,5","153","177","7:33","6:08","14","14","0,87","0,0","0,0","0","0,0","0","0","0,0","0,0","0","0","0","0:00","0,0","0:00","No","00:19.15","5","0,0","","","","","","","","","00:30:21","00:30:26","221","233"
Corsa,2023-06-17 09:28:04,false,"Faenza Corsa","5,31","407","00:37:05","150","161","3,1","163","171","6:59","5:48","11","11","0,88","0,0","0,0","0","0,0","0","0","0,0","0,0","0","0","0","0:00","0,0","0:00","No","02:10.63","6","0,0","","","","","","","","","00:36:58","00:37:30","29","41"
Corsa,2023-06-15 12:54:59,false,"Olgiate Olona Corsa","4,83","357","00:35:46","149","165","2,7","163","173","7:25","6:27","26","26","0,83","0,0","0,0","0","0,0","0","0","0,0","0,0","0","0","0","0:00","0,0","0:00","No","06:31.14","5","0,0","","","","","","","","","00:35:40","00:36:37","221","236"
Corsa,2023-06-12 18:03:30,false,"Olgiate Olona - 15' risc + 8x60'' (@175-185 bpm)","5,67","411","00:35:04","157","178","3,6","171","191","6:11","4:08","37","35","0,94","0,0","0,0","0","0,0","0","0","0,0","0,0","0","0","0","0:00","0,0","0:00","No","00:45.00","20","0,0","","","","","","","","","00:35:03","00:35:04","221","233"
Corsa,2023-06-11 10:23:01,false,"Olgiate Olona Corsa","7,05","525","00:47:32","149","164","3,4","166","173","6:45","6:15","37","38","0,89","0,0","0,0","0","0,0","0","0","0,0","0,0","0","0","0","0:00","0,0","0:00","No","00:20.77","8","0,0","","","","","","","","","00:47:28","00:47:32","221","238"
Corsa,2023-06-09 08:15:56,false,"Olgiate Olona Corsa","5,10","384","00:34:48","150","165","3,1","163","172","6:50","5:34","30","29","0,90","0,0","0,0","0","0,0","0","0","0,0","0,0","0","0","0","0:00","0,0","0:00","No","00:43.81","6","0,0","","","","","","","","","00:34:44","00:35:31","221","236"
Corsa,2023-06-07 13:03:57,false,"Olgiate Olona - Gara 5k","5,17","377","00:29:18","171","181","3,9","175","189","5:40","4:06","19","26","1,01","0,0","0,0","0","0,0","0","0","0,0","0,0","0","0","0","0:00","0,0","0:00","No","00:53.47","6","0,0","","","","","","","","","00:29:11","00:29:18","221","232"
Corsa,2023-06-07 12:54:02,false,"Riscaldamento","1,06","75","00:07:54,7","136","152","1,3","160","170","7:29","4:59","","3","0,84","0,0","0,0","0","0,0","0","0","0,0","0,0","0","0","0","0:00","0,0","0:00","No","00:24.58","2","0,0","","","","","","","","","00:07:54,6","00:07:54,7","227","233"
Corsa,2023-06-05 12:50:05,false,"15' risc + 8x60'' (@175-185 bpm)","6,16","444","00:39:11","153","175","3,6","165","189","6:22","4:13","25","26","0,95","0,0","0,0","0","0,0","0","0","0,0","0,0","0","0","0","0:00","0,0","0:00","No","00:10.93","22","0,0","","","","","","","","","00:39:10","00:40:15","221","233"
Corsa,2023-06-02 13:40:07,false,"Olgiate Olona - 10 km @ 6:40","10,00","765","01:06:08","162","177","4,0","168","181","6:37","5:51","46","47","0,90","0,0","0,0","0","0,0","0","0","0,0","0,0","0","0","0","0:00","0,0","0:00","No","00:48.00","11","0,0","","","","","","","","","01:06:08","01:06:08","221","234"
Corsa,2023-05-31 12:47:43,false,"Olgiate Olona - Corsa in progressione","6,16","450","00:41:24","153","181","3,5","170","193","6:44","4:42","18","22","0,87","0,0","0,0","0","0,0","0","0","0,0","0,0","0","0","0","0:00","0,0","0:00","No","01:23.83","8","0,0","","","","","","","","","00:41:22","00:41:24","221","233"
Corsa,2023-05-29 12:38:42,false,"Olgiate Olona - Corsa in progressione","6,21","459","00:40:28","152","177","3,7","168","189","6:31","4:35","26","30","0,91","0,0","0,0","0","0,0","0","0","0,0","0,0","0","0","0","0:00","0,0","0:00","No","00:28.45","8","0,0","","","","","","","","","00:40:22","00:40:28","221","233"
Corsa,2023-05-26 18:25:35,false,"Olgiate Olona Corsa","5,03","386","00:32:27","162","176","3,5","170","179","6:27","6:06","4","3","0,91","0,0","0,0","0","0,0","0","0","0,0","0,0","0","0","0","0:00","0,0","0:00","No","00:16.39","6","0,0","","","","","","","","","00:32:26","00:32:27","221","234"
Corsa,2023-05-24 12:34:52,false,"Olgiate Olona - 15' risc + 8x60'' (@175-185 bpm)","5,12","392","00:33:04","160","179","3,7","171","189","6:28","4:58","26","28","0,90","0,0","0,0","0","0,0","0","0","0,0","0,0","0","0","0","0:00","0,0","0:00","No","00:45.00","20","0,0","","","","","","","","","00:33:01","00:33:04","221","233"
Corsa,2023-05-22 18:16:21,false,"Olgiate Olona - Corsa in progressione","6,90","519","00:45:06","158","176","3,9","172","185","6:32","5:35","8","11","0,89","0,0","0,0","0","0,0","0","0","0,0","0,0","0","0","0","0:00","0,0","0:00","No","00:05.88","9","0,0","","","","","","","","","00:45:05","00:45:06","221","233"
Corsa,2023-05-20 10:01:25,false,"Olgiate Olona Corsa","7,02","515","00:51:24","147","155","3,1","165","175","7:19","6:21","23","22","0,83","0,0","0,0","0","0,0","0","0","0,0","0,0","0","0","0","0:00","0,0","0:00","No","00:08.19","8","0,0","","","","","","","","","00:51:19","00:52:06","221","239"
Corsa,2023-05-17 12:52:37,false,"15' risc + 8x60'' (@175-185 bpm) 45’’ def + 10’ def","5,60","423","00:39:07","155","173","3,4","166","192","6:59","5:01","2","6","0,86","0,0","0,0","0","0,0","0","0","0,0","0,0","0","0","0","0:00","0,0","0:00","No","00:07.22","21","0,0","","","","","","","","","00:39:06","00:39:07","221","233"
Corsa,2023-05-15 12:37:30,false,"Olgiate Olona Corsa","6,10","460","00:43:38","152","164","3,2","162","171","7:09","6:23","8","7","0,86","0,0","0,0","0","0,0","0","0","0,0","0,0","0","0","0","0:00","0,0","0:00","No","00:47.25","7","0,0","","","","","","","","","00:43:37","00:43:38","221","239"
Corsa,2023-05-14 07:32:51,false,"Olgiate Olona Corsa","7,36","549","00:48:02","151","162","3,7","170","181","6:31","6:03","35","36","0,90","0,0","0,0","0","0,0","0","0","0,0","0,0","0","0","0","0:00","0,0","0:00","No","02:37.75","8","0,0","","","","","","","","","00:48:00","00:48:02","221","232"
Corsa,2023-05-12 07:24:31,false,"Olgiate Olona Corsa","5,09","384","00:34:44","150","160","3,3","168","175","6:50","6:11","23","24","0,87","0,0","0,0","0","0,0","0","0","0,0","0,0","0","0","0","0:00","0,0","0:00","No","00:39.63","6","0,0","","","","","","","","","00:34:42","00:34:44","221","233"
Corsa,2023-05-10 12:39:08,false,"Olgiate Olona Corsa","7,12","524","00:55:22","149","168","3,0","150","161","7:46","6:54","6","6","0,86","0,0","0,0","0","0,0","0","0","0,0","0,0","0","0","0","0:00","0,0","0:00","No","00:58.09","8","0,0","","","","","","","","","00:55:20","00:55:22","221","239"
Corsa,2023-05-08 12:59:00,false,"Olgiate Olona Corsa","5,09","382","00:33:36","156","177","3,4","155","181","6:36","5:01","29","29","1,00","0,0","0,0","0","0,0","0","0","0,0","0,0","0","0","0","0:00","0,0","0:00","No","00:05.49","8","0,0","","","","","","","","","00:33:22","00:33:36","221","235"
Corsa,2023-05-06 10:41:19,false,"Olgiate Olona - Gara di 10 chilometri","10,00","759","01:09:48","158","177","3,7","158","172","6:59","6:08","66","67","0,91","0,0","0,0","0","0,0","0","0","0,0","0,0","0","0","0","0:00","0,0","0:00","No","06:42.22","10","0,0","","","","","","","","","01:09:47","01:09:48","221","238"
Corsa,2023-05-03 12:42:44,false,"Olgiate Olona - Corsa facile","4,23","317","00:30:00","147","157","3,0","157","171","7:06","5:27","2","2","0,90","0,0","0,0","0","0,0","0","0","0,0","0,0","0","0","0","0:00","0,0","0:00","No","02:56.17","6","0,0","","","","","","","","","00:30:00","00:30:00","229","234"
Corsa,2023-05-01 17:44:57,false,"Olgiate Olona - Ripetute di passo falcato","4,24","327","00:30:32","146","166","3,2","153","187","7:12","4:35","6","7","0,90","0,0","0,0","0","0,0","0","0","0,0","0,0","0","0","0","0:00","0,0","0:00","No","00:20.00","21","0,0","","","","","","","","","00:29:58","00:30:32","221","233"
Ciclismo,2023-04-29 17:29:32,false,"Olgiate Olona Ciclismo","28,11","624","01:21:19","133","164","3,0","","","20,7","61,5","208","208","0,00","0,0","0,0","0","0,0","0","0","0,0","0,0","0","0","0","0:00","0,0","0:00","No","07:13.24","6","0,0","","","","","","","","","01:17:54","01:34:27","227","319"
Corsa,2023-04-28 16:48:34,false,"Olgiate Olona - Ripetute di passo falcato","6,16","462","00:43:26","148","164","3,5","154","193","7:03","4:19","47","48","0,92","0,0","0,0","0","0,0","0","0","0,0","0,0","0","0","0","0:00","0,0","0:00","No","00:16.82","34","0,0","","","","","","","","","00:43:25","00:43:26","221","233"
Corsa,2023-04-26 12:37:33,false,"Olgiate Olona - Corsa in progressione","5,59","412","00:40:00","149","170","3,3","154","170","7:10","5:51","34","37","0,91","0,0","0,0","0","0,0","0","0","0,0","0,0","0","0","0","0:00","0,0","0:00","No","03:54.97","7","0,0","","","","","","","","","00:39:59","00:40:00","221","233"
Camminata,2023-04-25 14:38:54,false,"Margno Camminata","1,68","122","00:30:42","91","106","0,3","87","126","18:14","5:06","14","131","0,63","0,0","0,0","0","0,0","0","0","0,0","0,0","0","0","0","0:00","0,0","0:00","No","12:15.36","2","0,0","","","","","","","","","00:27:39","00:30:42","1.359","1.487"
Camminata,2023-04-25 11:30:57,false,"Casargo Camminata","1,48","158","00:29:54","97","116","0,7","91","159","20:09","9:42","126","1","0,54","0,0","0,0","0","0,0","0","0","0,0","0,0","0","0","0","0:00","0,0","0:00","No","11:08.10","2","0,0","","","","","","","","","00:23:46","00:29:54","1.360","1.487"
Corsa,2023-04-24 16:54:25,false,"Casargo - Corsa facile","7,75","600","01:02:58","147","162","3,1","146","244","8:07","7:05","91","79","0,84","0,0","0,0","0","0,0","0","0","0,0","0,0","0","0","0","0:00","0,0","0:00","No","02:10.62","10","0,0","","","","","","","","","01:02:54","01:02:58","756","784"
Camminata,2023-04-24 10:51:17,false,"Casargo Camminata","0,75","75","00:18:43","92","112","0,3","6","156","24:48","10:20","30","8","7,09","0,0","0,0","0","0,0","0","0","0,0","0,0","0","0","0","0:00","0,0","0:00","No","18:43.40","1","0,0","","","","","","","","","00:03:45","00:18:43","773","800"
Corsa,2023-04-21 12:39:13,false,"Olgiate Olona Corsa","4,81","364","00:37:50","144","159","2,8","147","161","7:52","6:19","45","45","0,87","0,0","0,0","0","0,0","0","0","0,0","0,0","0","0","0","0:00","0,0","0:00","No","06:36.63","5","0,0","","","","","","","","","00:37:08","00:37:50","221","233"
Corsa,2023-04-19 12:37:37,false,"Olgiate Olona - Corsa in progressione","6,40","486","00:45:00","151","171","3,6","151","165","7:02","5:31","77","79","0,94","0,0","0,0","0","0,0","0","0","0,0","0,0","0","0","0","0:00","0,0","0:00","No","03:18.23","8","0,0","","","","","","","","","00:44:41","00:45:00","221","233"
Corsa,2023-04-17 12:52:55,false,"Olgiate Olona - Ripetute di passo falcato","6,69","504","00:46:01","153","170","3,9","150","238","6:53","4:02","84","85","0,97","0,0","0,0","0","0,0","0","0","0,0","0,0","0","0","0","0:00","0,0","0:00","No","00:20.00","31","0,0","","","","","","","","","00:45:55","00:46:01","221","233"
Corsa,2023-04-13 18:30:49,false,"Olgiate Olona - Corsa facile","5,62","395","00:39:45","144","159","3,1","148","165","7:05","6:28","79","101","0,96","0,0","0,0","0","0,0","0","0","0,0","0,0","0","0","0","0:00","0,0","0:00","No","00:17.11","8","0,0","","","","","","","","","00:39:10","00:39:45","164","233"
Corsa,2023-04-11 17:42:25,false,"Corsa (un cazzo) facile","6,64","499","00:44:00","156","174","3,9","153","175","6:37","5:16","48","48","0,99","0,0","0,0","0","0,0","0","0","0,0","0,0","0","0","0","0:00","0,0","0:00","No","04:25.37","8","0,0","","","","","","","","","00:43:58","00:44:00","221","233"
Corsa,2023-04-09 09:00:00,false,"Prova gomme nuove","6,00","460","00:37:03","0","0","","","","6:11","","","","0,00","0,0","0,0","0","0,0","0","0","0,0","0,0","0","0","0","0:00","0,0","0:00","No","37:03.00","1","0,0","","","","","","","","","00:00:00","00:37:03","",""
Corsa,2023-04-04 18:47:50,false,"Olgiate Olona Corsa","5,66","416","00:38:37","147","161","3,4","153","163","6:50","5:52","49","51","0,96","0,0","0,0","0","0,0","0","0","0,0","0,0","0","0","0","0:00","0,0","0:00","No","05:15.74","6","0,0","","","","","","","","","00:38:32","00:38:37","221","233"
Camminata,2023-04-03 13:18:58,false,"Olgiate Olona Camminata","1,34","86","00:21:36","88","100","0,3","75","195","16:06","11:18","18","1","1,04","0,0","0,0","0","0,0","0","0","0,0","0,0","0","0","0","0:00","0,0","0:00","No","04:25.38","2","0,0","","","","","","","","","00:18:27","00:21:36","215","233"
Corsa,2023-04-02 11:33:32,false,"Milano - Maratona staffetta","6,51","507","00:37:20","179","191","5,0","170","193","5:44","3:51","13","10","1,03","0,0","0,0","0","0,0","0","0","0,0","0,0","0","0","0","0:00","0,0","0:00","No","00:03.00","8","0,0","","","","","","","","","00:37:20","00:37:20","123","139"
Camminata,2023-04-02 11:08:20,false,"Milano Camminata","0,75","69","00:07:57,9","133","143","1,2","114","234","10:39","7:40","","2","0,82","0,0","0,0","0","0,0","0","0","0,0","0,0","0","0","0","0:00","0,0","0:00","No","07:57.91","1","0,0","","","","","","","","","00:07:22","00:07:57,9","125","128"
Camminata,2023-04-01 17:28:38,false,"Olgiate Olona Camminata","5,02","334","00:46:14","123","151","2,1","118","244","9:13","5:47","30","32","0,92","0,0","0,0","0","0,0","0","0","0,0","0,0","0","0","0","0:00","0,0","0:00","No","00:09.65","6","0,0","","","","","","","","","00:45:41","00:46:14","221","233"
Corsa,2023-03-31 18:14:36,false,"Olgiate Olona Corsa","3,98","325","00:30:16","156","172","3,4","151","181","7:36","5:08","15","15","0,87","0,0","0,0","0","0,0","0","0","0,0","0,0","0","0","0","0:00","0,0","0:00","No","06:50.72","4","0,0","","","","","","","","","00:29:58","00:30:16","221","233"
Ciclismo,2023-03-28 17:41:19,false,"Olgiate Olona Ciclismo","15,82","345","00:49:47","118","148","2,1","","","19,1","45,7","74","74","0,00","0,0","0,0","0","0,0","0","0","0,0","0,0","0","0","0","0:00","0,0","0:00","No","03:17.48","4","0,0","","","","","","","","","00:47:26","00:49:47","228","269"
Corsa,2023-03-27 18:22:21,false,"Olgiate Olona - Corsa facile","4,65","361","00:37:39","144","157","2,8","156","168","8:05","7:19","15","16","0,79","0,0","0,0","0","0,0","0","0","0,0","0,0","0","0","0","0:00","0,0","0:00","No","00:31.10","7","0,0","","","","","","","","","00:37:37","00:37:39","221","233"
Corsa,2023-03-22 17:43:17,false,"Olgiate Olona Corsa","10,09","753","01:21:10","144","154","3,2","155","165","8:03","7:19","72","71","0,81","0,0","0,0","0","0,0","0","0","0,0","0,0","0","0","0","0:00","0,0","0:00","No","00:51.09","11","0,0","","","","","","","","","01:20:52","01:21:10","221","233"
Corsa,2023-03-20 12:37:26,false,"Olgiate Olona Corsa","7,28","558","00:56:24","150","164","3,1","153","165","7:45","4:49","46","47","0,84","0,0","0,0","0","0,0","0","0","0,0","0,0","0","0","0","0:00","0,0","0:00","No","02:33.25","8","0,0","","","","","","","","","00:56:21","00:56:24","221","233"
Corsa,2023-03-18 07:40:16,false,"Olgiate Olona - Corsa in progressione","7,14","536","00:50:00","150","178","3,7","162","191","7:00","4:51","78","78","0,88","0,0","0,0","0","0,0","0","0","0,0","0,0","0","0","0","0:00","0,0","0:00","No","00:44.12","9","0,0","","","","","","","","","00:49:59","00:50:00","221","233"
Corsa,2023-03-15 12:34:21,false,"Olgiate Olona - Corsa in progressione","6,04","485","00:40:00","162","185","4,0","165","185","6:37","5:05","60","59","0,91","0,0","0,0","0","0,0","0","0","0,0","0,0","0","0","0","0:00","0,0","0:00","No","04:10.24","7","0,0","","","","","","","","","00:39:59","00:40:00","221","233"
Corsa,2023-03-13 12:35:44,false,"Olgiate Olona Corsa","5,14","379","00:39:24","144","157","2,8","159","168","7:40","6:03","44","45","0,82","0,0","0,0","0","0,0","0","0","0,0","0,0","0","0","0","0:00","0,0","0:00","No","01:23.18","6","0,0","","","","","","","","","00:39:23","00:39:24","221","233"
Corsa,2023-03-08 12:33:33,false,"Olgiate Olona - Corsa in progressione","4,82","369","00:35:00","146","167","3,1","157","175","7:16","5:39","38","39","0,88","0,0","0,0","0","0,0","0","0","0,0","0,0","0","0","0","0:00","0,0","0:00","No","00:18.90","7","0,0","","","","","","","","","00:34:40","00:35:59","221","233"
Corsa,2023-03-06 12:31:37,false,"Olgiate Olona - Ripetute di passo falcato","5,67","445","00:41:33","150","164","3,3","160","198","7:20","4:19","57","58","0,85","0,0","0,0","0","0,0","0","0","0,0","0,0","0","0","0","0:00","0,0","0:00","No","00:20.00","25","0,0","","","","","","","","","00:41:15","00:41:33","221","233"
Corsa,2023-03-05 16:32:28,false,"Olgiate Olona - Rigenerante 5k","6,01","439","00:46:23","144","154","2,7","154","165","7:43","6:59","57","58","0,84","0,0","0,0","0","0,0","0","0","0,0","0,0","0","0","0","0:00","0,0","0:00","No","00:05.92","8","0,0","","","","","","","","","00:46:22","00:46:23","221","233"
Corsa,2023-03-03 12:43:56,false,"Olgiate Olona - Rigenerante 5k","5,86","433","00:45:44","143","153","2,8","153","163","7:48","7:02","64","65","0,84","0,0","0,0","0","0,0","0","0","0,0","0,0","0","0","0","0:00","0,0","0:00","No","00:08.16","8","0,0","","","","","","","","","00:45:41","00:45:44","221","233"
Corsa,2023-03-02 13:14:21,false,"Olgiate Olona - Ripetute fine corsa","2,63","210","00:18:52","157","171","2,9","154","199","7:10","3:37","10","8","0,91","0,0","0,0","0","0,0","0","0","0,0","0,0","0","0","0","0:00","0,0","0:00","No","00:11.66","19","0,0","","","","","","","","","00:18:51","00:18:52","221","233"
Corsa,2023-03-02 12:43:26,false,"Olgiate Olona - Corsa facile","4,10","306","00:30:00","148","162","2,8","155","170","7:20","6:15","35","36","0,88","0,0","0,0","0","0,0","0","0","0,0","0,0","0","0","0","0:00","0,0","0:00","No","02:54.70","6","0,0","","","","","","","","","00:29:59","00:30:00","221","233"
Corsa,2023-02-27 12:34:23,false,"Olgiate Olona - Corsa facile","4,21","320","00:30:00","148","159","3,0","161","170","7:08","5:56","48","48","0,87","0,0","0,0","0","0,0","0","0","0,0","0,0","0","0","0","0:00","0,0","0:00","No","03:13.41","6","0,0","","","","","","","","","00:29:59","00:30:00","221","233"
Corsa,2023-02-25 18:10:06,false,"Olgiate Olona - Ripetute fine corsa","1,91","149","00:12:43","157","171","2,5","161","195","6:40","3:36","8","9","0,93","0,0","0,0","0","0,0","0","0","0,0","0,0","0","0","0","0:00","0,0","0:00","No","00:13.42","15","0,0","","","","","","","","","00:12:43","00:12:43","221","233"
Corsa,2023-02-25 17:17:42,false,"Olgiate Olona - Corsa facile","6,64","500","00:50:00","146","154","3,0","161","170","7:31","6:43","73","75","0,83","0,0","0,0","0","0,0","0","0","0,0","0,0","0","0","0","0:00","0,0","0:00","No","00:46.99","9","0,0","","","","","","","","","00:49:56","00:50:00","221","233"
Corsa,2023-02-23 18:33:32,false,"Olgiate Olona - Ripetute di passo falcato","4,31","332","00:29:49","150","169","3,3","165","200","6:55","3:36","16","16","0,87","0,0","0,0","0","0,0","0","0","0,0","0,0","0","0","0","0:00","0,0","0:00","No","00:20.00","21","0,0","","","","","","","","","00:29:48","00:29:49","221","233"
Corsa,2023-02-20 13:18:53,false,"Olgiate Olona - Corsa facile","5,27","393","00:40:00","145","157","2,8","160","168","7:35","5:31","12","11","0,82","0,0","0,0","0","0,0","0","0","0,0","0,0","0","0","0","0:00","0,0","0:00","No","02:30.49","7","0,0","","","","","","","","","00:39:55","00:40:00","227","239"
Corsa,2023-02-18 18:09:32,false,"Olgiate Olona Corsa","5,08","396","00:34:18","156","165","3,3","163","173","6:45","6:11","64","59","0,91","0,0","0,0","0","0,0","0","0","0,0","0,0","0","0","0","0:00","0,0","0:00","No","00:33.86","6","0,0","","","","","","","","","00:34:17","00:34:18","221","233"
Corsa,2023-02-18 17:59:27,false,"Olgiate Olona - Gara di riferimento","1,44","105","00:09:00","148","162","2,3","169","181","6:14","5:23","6","13","0,95","0,0","0,0","0","0,0","0","0","0,0","0,0","0","0","0","0:00","0,0","0:00","No","02:00.00","3","0,0","","","","","","","","","00:09:00","00:09:00","224","232"
Esercizio di Respirazione,2023-02-16 20:58:15,false,"Relax e concentraz.","","","00:02:31,0","80","88","0,0","","","","","","","0,00","0,0","0,0","0","0,0","0","0","0,0","0,0","0","0","0","0:00","0,0","0:00","No","00:00.100","42","0,0","4","4","4","14","57","71","57","71","00:00:00","00:02:31,0","",""
Corsa,2023-02-16 13:20:20,false,"Defaticamento","0,69","75","00:07:07,7","145","158","1,6","111","163","10:15","7:07","2","2","0,88","0,0","0,0","0","0,0","0","0","0,0","0,0","0","0","0","0:00","0,0","0:00","No","07:07.67","1","0,0","","","","","","","","","00:05:33","00:07:07,7","229","233"
Corsa,2023-02-16 12:47:28,false,"Fondo medio veloce","5,04","384","00:30:54","162","174","3,9","167","178","6:08","5:24","29","29","0,98","0,0","0,0","0","0,0","0","0","0,0","0,0","0","0","0","0:00","0,0","0:00","No","00:21.48","6","0,0","","","","","","","","","00:30:51","00:30:54","223","232"
Corsa,2023-02-13 12:52:33,false,"Olgiate Olona Corsa","5,01","387","00:34:27","157","182","3,5","158","209","6:52","2:47","4","3","0,91","0,0","0,0","0","0,0","0","0","0,0","0,0","0","0","0","0:00","0,0","0:00","No","01:10.85","8","0,0","","","","","","","","","00:33:39","00:34:27","223","232"
Corsa,2023-02-11 17:40:45,false,"Olgiate Olona Corsa","7,07","532","00:51:43","148","165","3,2","161","168","7:19","6:38","28","30","0,85","0,0","0,0","0","0,0","0","0","0,0","0,0","0","0","0","0:00","0,0","0:00","No","00:35.18","8","0,0","","","","","","","","","00:51:41","00:51:44","223","232"
Corsa,2023-02-09 12:47:24,false,"Olgiate Olona Corsa","5,03","378","00:30:50","156","171","3,7","165","177","6:08","5:12","28","27","0,99","0,0","0,0","0","0,0","0","0","0,0","0,0","0","0","0","0:00","0,0","0:00","No","00:13.49","6","0,0","","","","","","","","","00:30:47","00:30:50","224","232"
Corsa,2023-02-07 12:37:27,false,"Olgiate Olona Corsa","5,02","383","00:36:42","150","164","3,1","161","171","7:19","6:38","28","30","0,85","0,0","0,0","0","0,0","0","0","0,0","0,0","0","0","0","0:00","0,0","0:00","No","00:11.76","6","0,0","","","","","","","","","00:36:41","00:36:42","221","233"
Corsa,2023-02-03 12:33:33,false,"Olgiate Olona Corsa","5,02","374","00:36:58","145","163","2,9","159","165","7:22","6:38","28","27","0,86","0,0","0,0","0","0,0","0","0","0,0","0,0","0","0","0","0:00","0,0","0:00","No","00:11.31","6","0,0","","","","","","","","","00:36:57","00:36:58","221","234"
Corsa,2023-02-01 17:44:36,false,"Olgiate Olona Corsa","7,25","558","00:52:10","150","164","3,4","160","172","7:12","6:24","72","74","0,87","0,0","0,0","0","0,0","0","0","0,0","0,0","0","0","0","0:00","0,0","0:00","No","01:31.55","9","0,0","","","","","","","","","00:51:56","00:52:12","221","233"
Corsa,2023-01-30 12:31:55,false,"Olgiate Olona Corsa","6,20","461","00:44:31","145","155","3,1","162","244","7:11","6:37","39","39","0,86","0,0","0,0","0","0,0","0","0","0,0","0,0","0","0","0","0:00","0,0","0:00","No","01:22.85","7","0,0","","","","","","","","","00:44:30","00:44:31","221","233"
Corsa,2023-01-28 16:47:49,false,"Olgiate Olona Corsa","2,81","210","00:20:46","140","147","2,3","162","170","7:23","6:37","8","8","0,84","0,0","0,0","0","0,0","0","0","0,0","0,0","0","0","0","0:00","0,0","0:00","No","06:02.82","3","0,0","","","","","","","","","00:20:44","00:20:46","224","232"
Corsa,2023-01-24 12:32:05,false,"Olgiate Olona - Base","5,09","406","00:34:53","161","172","3,3","162","234","6:51","5:19","39","41","0,90","0,0","0,0","0","0,0","0","0","0,0","0,0","0","0","0","0:00","0,0","0:00","No","01:52.65","6","0,0","","","","","","","","","00:34:51","00:34:53","221","233"
Corsa,2023-01-22 10:37:38,false,"Olgiate Olona Corsa","5,89","440","00:33:32","167","185","4,4","170","207","5:41","2:52","64","64","1,03","0,0","0,0","0","0,0","0","0","0,0","0,0","0","0","0","0:00","0,0","0:00","No","05:03.84","6","0,0","","","","","","","","","00:33:31","00:33:32","221","233"
Corsa,2023-01-19 12:29:51,false,"Olgiate Olona Corsa","5,13","387","00:29:56","164","186","4,2","175","189","5:50","4:25","35","37","0,98","0,0","0,0","0","0,0","0","0","0,0","0,0","0","0","0","0:00","0,0","0:00","No","00:46.66","6","0,0","","","","","","","","","00:29:55","00:29:56","221","233"
Corsa,2023-01-16 18:51:35,false,"Olgiate Olona Corsa","5,10","387","00:30:05","161","188","4,2","168","191","5:54","3:43","43","42","1,00","0,0","0,0","0","0,0","0","0","0,0","0,0","0","0","0","0:00","0,0","0:00","No","00:57.00","6","0,0","","","","","","","","","00:29:15","00:30:05","221","233"
Corsa,2023-01-14 09:49:31,false,"Olgiate Olona Corsa","5,65","450","00:37:21","156","172","3,8","161","175","6:37","5:54","48","47","0,94","0,0","0,0","0","0,0","0","0","0,0","0,0","0","0","0","0:00","0,0","0:00","No","04:52.06","6","0,0","","","","","","","","","00:36:24","00:37:21","221","233"
Corsa,2023-01-10 12:37:38,false,"Olgiate Olona Corsa","5,30","427","00:35:35","159","175","3,8","160","177","6:43","5:52","59","60","0,93","0,0","0,0","0","0,0","0","0","0,0","0,0","0","0","0","0:00","0,0","0:00","No","02:31.14","6","0,0","","","","","","","","","00:34:52","00:35:35","221","233"
Camminata,2023-01-05 14:29:38,false,"Casargo Camminata","1,54","199","00:41:09","104","123","0,5","54","160","26:43","11:40","125","","0,70","0,0","0,0","0","0,0","0","0","0,0","0,0","0","0","0","0:00","0,0","0:00","No","15:06.17","2","0,0","","","","","","","","","00:24:12","00:41:09","1.354","1.482"
Corsa,2023-01-04 17:55:01,false,"Olgiate Olona Corsa","7,20","562","00:46:36","157","177","4,2","165","185","6:28","4:46","70","70","0,93","0,0","0,0","0","0,0","0","0","0,0","0,0","0","0","0","0:00","0,0","0:00","No","01:49.13","8","0,0","","","","","","","","","00:45:49","00:46:36","221","233"
Corsa,2023-01-01 12:04:11,false,"Olgiate Olona Corsa","6,26","497","00:45:16","145","160","3,4","151","175","7:14","5:57","59","60","0,92","0,0","0,0","0","0,0","0","0","0,0","0,0","0","0","0","0:00","0,0","0:00","No","02:45.46","7","0,0","","","","","","","","","00:42:17","00:45:16","221","233"
Corsa,2022-12-28 10:10:45,false,"Faenza Corsa","5,78","469","00:44:12","143","159","3,2","148","172","7:39","5:20","22","18","0,88","0,0","0,0","0","0,0","0","0","0,0","0,0","0","0","0","0:00","0,0","0:00","No","06:11.47","6","0,0","","","","","","","","","00:41:40","00:44:12","26","42"
Corsa,2022-12-26 16:59:28,false,"Faenza - Run Walk Run®","6,21","498","00:46:04","148","167","3,3","147","183","7:25","4:55","19","21","0,92","0,0","0,0","0","0,0","0","0","0,0","0,0","0","0","0","0:00","0,0","0:00","No","01:12.16","8","0,0","","","","","","","","","00:44:09","00:46:14","29","43"
Corsa,2022-12-24 15:46:55,false,"Olgiate Olona Corsa","7,16","560","00:46:14","158","175","4,1","162","175","6:28","4:47","29","29","0,96","0,0","0,0","0","0,0","0","0","0,0","0,0","0","0","0","0:00","0,0","0:00","No","01:18.33","8","0,0","","","","","","","","","00:45:33","00:46:14","223","232"
Corsa,2022-12-22 12:42:24,false,"Olgiate Olona Corsa","5,21","404","00:33:20","154","184","3,7","158","183","6:24","5:11","23","23","0,98","0,0","0,0","0","0,0","0","0","0,0","0,0","0","0","0","0:00","0,0","0:00","No","01:43.39","6","0,0","","","","","","","","","00:32:03","00:33:20","224","232"
Corsa,2022-12-19 13:07:34,false,"Olgiate Olona Corsa","0,73","57","00:05:01,4","153","171","1,6","144","183","6:55","2:43","","","1,00","0,0","0,0","0","0,0","0","0","0,0","0,0","0","0","0","0:00","0,0","0:00","No","05:01.37","1","0,0","","","","","","","","","00:05:01","00:05:01,4","229","232"
Corsa,2022-12-19 12:56:52,false,"Olgiate Olona - Gara di riferimento","1,34","96","00:09:00","133","151","2,1","144","172","6:43","4:59","","","1,02","0,0","0,0","0","0,0","0","0","0,0","0,0","0","0","0","0:00","0,0","0:00","No","02:00.00","3","0,0","","","","","","","","","00:08:59","00:09:00","229","232"
Corsa,2022-12-18 10:00:58,false,"Olgiate Olona Corsa","5,16","404","00:34:03","155","171","3,5","153","168","6:36","5:32","33","33","1,00","0,0","0,0","0","0,0","0","0","0,0","0,0","0","0","0","0:00","0,0","0:00","No","01:28.02","6","0,0","","","","","","","","","00:33:27","00:34:03","221","233"
Corsa,2022-12-16 12:44:05,false,"Olgiate Olona Corsa","5,10","428","00:35:59","158","174","3,6","145","166","7:04","5:35","36","24","0,98","0,0","0,0","0","0,0","0","0","0,0","0,0","0","0","0","0:00","0,0","0:00","No","02:24.48","6","0,0","","","","","","","","","00:33:33","00:35:59","221","243"
Corsa,2022-12-14 16:32:28,false,"Olgiate Olona Corsa","6,72","540","00:50:17","149","167","3,4","149","164","7:29","5:52","45","45","0,89","0,0","0,0","0","0,0","0","0","0,0","0,0","0","0","0","0:00","0,0","0:00","No","06:20.29","7","0,0","","","","","","","","","00:48:26","00:50:17","221","234"
Corsa,2022-12-12 12:39:49,false,"Olgiate Olona Corsa","5,21","409","00:40:39","142","168","3,1","137","168","7:49","6:06","36","36","0,94","0,0","0,0","0","0,0","0","0","0,0","0,0","0","0","0","0:00","0,0","0:00","No","04:42.48","6","0,0","","","","","","","","","00:36:59","00:40:39","221","233"
Corsa,2022-12-10 11:28:53,false,"Olgiate Olona Corsa","6,09","474","00:44:03","146","161","3,2","153","166","7:14","6:17","54","54","0,90","0,0","0,0","0","0,0","0","0","0,0","0,0","0","0","0","0:00","0,0","0:00","No","00:45.53","7","0,0","","","","","","","","","00:43:21","00:44:03","221","233"
Corsa,2022-12-08 17:04:11,false,"Olgiate Olona Corsa","7,11","574","00:52:27","150","164","3,5","153","166","7:23","6:35","49","47","0,89","0,0","0,0","0","0,0","0","0","0,0","0,0","0","0","0","0:00","0,0","0:00","No","01:14.87","8","0,0","","","","","","","","","00:51:34","00:52:27","221","233"
Corsa,2022-12-06 20:29:14,false,"Olgiate Olona Corsa","6,44","514","00:44:42","155","176","3,6","153","189","6:56","3:27","37","39","0,94","0,0","0,0","0","0,0","0","0","0,0","0,0","0","0","0","0:00","0,0","0:00","No","02:44.84","7","0,0","","","","","","","","","00:43:41","00:44:42","221","233"
Corsa,2022-12-05 12:50:09,false,"Olgiate Olona Corsa","3,92","325","00:28:46","151","169","3,1","143","165","7:20","6:15","49","36","0,95","0,0","0,0","0","0,0","0","0","0,0","0,0","0","0","0","0:00","0,0","0:00","No","06:30.93","4","0,0","","","","","","","","","00:26:54","00:28:46","224","244"
Corsa,2022-11-30 12:51:43,false,"Olgiate Olona Corsa","4,46","357","00:33:18","149","167","3,1","147","168","7:28","6:35","48","49","0,91","0,0","0,0","0","0,0","0","0","0,0","0,0","0","0","0","0:00","0,0","0:00","No","03:51.30","5","0,0","","","","","","","","","00:32:16","00:33:18","221","233"
Corsa,2022-11-28 12:30:40,false,"Olgiate Olona Corsa","5,08","391","00:37:38","146","162","2,9","150","163","7:25","6:13","54","54","0,91","0,0","0,0","0","0,0","0","0","0,0","0,0","0","0","0","0:00","0,0","0:00","No","01:20.95","6","0,0","","","","","","","","","00:37:01","00:37:38","221","233"
Corsa,2022-11-26 11:06:02,false,"Faenza Corsa","5,46","447","00:40:56","151","163","3,1","146","166","7:30","4:59","21","19","0,91","0,0","0,0","0","0,0","0","0","0,0","0,0","0","0","0","0:00","0,0","0:00","No","03:32.56","6","0,0","","","","","","","","","00:39:33","00:40:56","26","42"
Corsa,2022-11-24 18:25:20,false,"Olgiate Olona Corsa","5,54","426","00:40:42","143","167","3,1","153","165","7:21","5:58","75","74","0,89","0,0","0,0","0","0,0","0","0","0,0","0,0","0","0","0","0:00","0,0","0:00","No","03:46.47","6","0,0","","","","","","","","","00:39:27","00:40:42","221","233"
Corsa,2022-11-22 12:43:12,false,"Olgiate Olona Corsa","5,15","417","00:35:07","157","175","3,5","156","166","6:49","4:57","76","84","0,94","0,0","0,0","0","0,0","0","0","0,0","0,0","0","0","0","0:00","0,0","0:00","No","01:29.24","6","0,0","","","","","","","","","00:34:47","00:35:07","221","232"
Corsa,2022-11-20 11:30:23,false,"Olgiate Olona Corsa","5,13","408","00:34:54","152","169","3,4","154","168","6:48","5:04","67","67","0,95","0,0","0,0","0","0,0","0","0","0,0","0,0","0","0","0","0:00","0,0","0:00","No","01:23.69","6","0,0","","","","","","","","","00:33:51","00:34:54","221","234"
Corsa,2022-11-18 12:37:52,false,"Olgiate Olona Corsa","5,51","434","00:34:45","163","178","3,7","159","171","6:18","4:53","65","66","1,00","0,0","0,0","0","0,0","0","0","0,0","0,0","0","0","0","0:00","0,0","0:00","No","03:49.76","6","0,0","","","","","","","","","00:34:38","00:34:45","221","233"
Corsa,2022-11-16 18:20:21,false,"Olgiate Olona Corsa","5,45","450","00:40:30","147","164","3,3","152","166","7:26","6:38","39","47","0,88","0,0","0,0","0","0,0","0","0","0,0","0,0","0","0","0","0:00","0,0","0:00","No","03:29.27","6","0,0","","","","","","","","","00:39:00","00:40:30","221","233"
Corsa,2022-11-14 12:35:54,false,"Olgiate Olona Corsa","5,43","441","00:38:12","157","173","3,4","151","163","7:02","5:54","25","33","0,94","0,0","0,0","0","0,0","0","0","0,0","0,0","0","0","0","0:00","0,0","0:00","No","02:56.34","6","0,0","","","","","","","","","00:37:31","00:38:12","221","233"
Corsa,2022-11-11 12:37:38,false,"Olgiate Olona Corsa","5,10","418","00:33:17","161","179","3,7","147","165","6:32","4:55","31","38","1,04","0,0","0,0","0","0,0","0","0","0,0","0,0","0","0","0","0:00","0,0","0:00","No","01:42.61","6","0,0","","","","","","","","","00:31:54","00:33:17","221","232"
Cardio,2022-11-09 12:51:19,false,"Cardio","0,00","127","00:13:00","127","145","2,0","","","","","","","0,00","0,0","0,0","0","0,0","0","0","0,0","0,0","0","0","0","0:00","0,0","0:00","No","12:59.88","1","0,0","","","","","","","","","00:00:00","00:13:00","",""
Corsa,2022-11-07 13:01:52,false,"Olgiate Olona Corsa","3,11","254","00:19:01","168","183","3,4","148","167","6:07","4:43","28","25","1,10","0,0","0,0","0","0,0","0","0","0,0","0,0","0","0","0","0:00","0,0","0:00","No","01:05.46","4","0,0","","","","","","","","","00:18:31","00:19:01","221","234"
Corsa,2022-11-05 16:47:27,false,"Olgiate Olona Corsa","6,54","555","00:46:11","160","182","3,8","146","202","7:03","2:44","49","58","0,98","0,0","0,0","0","0,0","0","0","0,0","0,0","0","0","0","0:00","0,0","0:00","No","03:33.30","7","0,0","","","","","","","","","00:45:48","00:46:11","221","233"
Corsa,2022-11-02 18:09:43,false,"Olgiate Olona Corsa","4,30","363","00:31:38","152","165","3,1","145","157","7:22","6:17","48","38","0,93","0,0","0,0","0","0,0","0","0","0,0","0,0","0","0","0","0:00","0,0","0:00","No","02:20.16","5","0,0","","","","","","","","","00:31:19","00:31:38","221","233"
Camminata,2022-10-28 17:53:50,false,"Olgiate Olona Camminata","1,26","80","00:13:50","104","112","0,4","106","130","11:01","8:43","4","2","0,86","0,0","0,0","0","0,0","0","0","0,0","0,0","0","0","0","0:00","0,0","0:00","No","02:49.68","2","0,0","","","","","","","","","00:12:50","00:13:50","229","238"
Camminata,2022-10-27 13:06:44,false,"Olgiate Olona Camminata","1,31","92","00:16:25","103","112","0,5","100","160","12:30","9:39","11","1","0,80","0,0","0,0","0","0,0","0","0","0,0","0,0","0","0","0","0:00","0,0","0:00","No","03:36.17","2","0,0","","","","","","","","","00:15:05","00:16:25","229","242"
Corsa,2022-10-21 12:42:16,false,"Olgiate Olona Corsa","3,13","261","00:18:57","169","184","3,5","148","244","6:03","5:13","2","6","1,10","0,0","0,0","0","0,0","0","0","0,0","0,0","0","0","0","0:00","0,0","0:00","No","01:52.40","4","0,0","","","","","","","","","00:18:24","00:18:57","222","232"
Corsa,2022-10-19 18:50:08,false,"Olgiate Olona Corsa","6,09","500","00:46:39","148","162","3,2","139","159","7:40","6:26","58","59","0,94","0,0","0,0","0","0,0","0","0","0,0","0,0","0","0","0","0:00","0,0","0:00","No","02:54.00","7","0,0","","","","","","","","","00:43:43","00:46:39","221","233"
Corsa,2022-10-17 18:16:57,false,"Olgiate Olona Corsa","7,18","590","00:52:34","152","173","3,4","146","165","7:19","5:06","95","94","0,94","0,0","0,0","0","0,0","0","0","0,0","0,0","0","0","0","0:00","0,0","0:00","No","01:45.39","8","0,0","","","","","","","","","00:51:55","00:52:34","221","233"
Cardio,2022-10-14 13:43:10,false,"Cardio","0,00","163","00:18:32","121","146","1,8","","","","","","","0,00","0,0","0,0","0","0,0","0","0","0,0","0,0","0","0","0","0:00","0,0","0:00","No","18:32.28","1","0,0","","","","","","","","","00:00:00","00:18:32","",""
Corsa,2022-10-13 18:58:02,false,"Olgiate Olona Corsa","7,14","563","00:51:36","150","168","3,1","149","165","7:13","5:36","58","60","0,93","0,0","0,0","0","0,0","0","0","0,0","0,0","0","0","0","0:00","0,0","0:00","No","01:05.61","8","0,0","","","","","","","","","00:50:43","00:51:36","221","233"
Cardio,2022-10-11 18:50:04,false,"Cardio","0,00","125","00:17:53","109","128","0,8","","","","","","","0,00","0,0","0,0","0","0,0","0","0","0,0","0,0","0","0","0","0:00","0,0","0:00","No","17:53.41","1","0,0","","","","","","","","","00:00:00","00:17:58","",""
Corsa,2022-10-10 18:23:25,false,"Olgiate Olona Corsa","7,11","572","00:50:33","151","169","3,2","150","165","7:07","5:58","53","54","0,94","0,0","0,0","0","0,0","0","0","0,0","0,0","0","0","0","0:00","0,0","0:00","No","01:02.52","8","0,0","","","","","","","","","00:49:47","00:50:33","221","232"
Ciclismo,2022-10-08 14:34:06,false,"Olgiate Olona Ciclismo","30,24","834","01:36:01","134","167","3,1","","","18,9","62,1","265","266","0,00","0,0","0,0","0","0,0","0","0","0,0","0,0","0","0","0","0:00","0,0","0:00","No","02:26.66","7","0,0","","","","","","","","","01:29:17","01:36:01","225","318"
Ciclismo,2022-10-07 18:20:02,false,"Olgiate Olona Ciclismo","15,11","429","00:45:58","129","163","2,6","","","19,7","44,4","95","94","0,00","0,0","0,0","0","0,0","0","0","0,0","0,0","0","0","0","0:00","0,0","0:00","No","00:54.24","4","0,0","","","","","","","","","00:43:43","00:45:58","207","265"
Corsa,2022-10-05 19:07:28,false,"Olgiate Olona Corsa","5,09","407","00:31:43","158","177","3,5","150","238","6:14","4:47","40","42","1,07","0,0","0,0","0","0,0","0","0","0,0","0,0","0","0","0","0:00","0,0","0:00","No","00:33.95","6","0,0","","","","","","","","","00:30:24","00:31:53","221","233"
Cardio,2022-10-03 18:48:25,false,"Cardio","0,00","242","00:23:04","133","155","2,5","","","","","","","0,00","0,0","0,0","0","0,0","0","0","0,0","0,0","0","0","0","0:00","0,0","0:00","No","23:03.99","1","0,0","","","","","","","","","00:00:00","00:23:04","",""
Corsa,2022-10-02 11:57:45,false,"Olgiate Olona Corsa","5,05","427","00:32:06","163","181","3,7","139","167","6:22","4:45","44","46","1,13","0,0","0,0","0","0,0","0","0","0,0","0,0","0","0","0","0:00","0,0","0:00","No","00:17.37","6","0,0","","","","","","","","","00:31:06","00:32:06","221","233"
Cardio,2022-09-29 19:08:36,false,"Cardio","0,00","204","00:22:25","123","147","2,0","","","","","","","0,00","0,0","0,0","0","0,0","0","0","0,0","0,0","0","0","0","0:00","0,0","0:00","No","22:24.93","1","0,0","","","","","","","","","00:00:00","00:22:25","",""
Corsa,2022-09-28 19:02:30,false,"Olgiate Olona Corsa","5,07","418","00:34:49","156","173","3,3","142","171","6:52","4:31","28","27","1,03","0,0","0,0","0","0,0","0","0","0,0","0,0","0","0","0","0:00","0,0","0:00","No","00:39.86","6","0,0","","","","","","","","","00:32:33","00:34:49","221","232"
Ciclismo,2022-09-26 18:07:26,false,"Olgiate Olona Ciclismo","27,78","557","01:13:39","120","144","2,2","","","22,6","49,9","63","63","0,00","0,0","0,0","0","0,0","0","0","0,0","0,0","0","0","0","0:00","0,0","0:00","No","09:03.42","6","0,0","","","","","","","","","01:12:10","01:13:39","175","233"
Cardio,2022-09-24 19:13:59,false,"Cardio","0,00","230","00:21:24","135","151","2,4","","","","","","","0,00","0,0","0,0","0","0,0","0","0","0,0","0,0","0","0","0","0:00","0,0","0:00","No","21:24.00","1","0,0","","","","","","","","","00:00:00","00:21:24","",""
Ciclismo,2022-09-23 18:28:08,false,"Olgiate Olona Ciclismo","12,85","348","00:30:02","140","162","3,2","","","25,7","37,4","35","34","0,00","0,0","0,0","0","0,0","0","0","0,0","0,0","0","0","0","0:00","0,0","0:00","No","06:56.11","3","0,0","","","","","","","","","00:29:18","00:30:02","204","234"
Corsa,2022-09-22 19:08:46,false,"Olgiate Olona Corsa","3,16","256","00:22:08","148","161","2,6","156","168","7:01","6:17","16","20","0,92","0,0","0,0","0","0,0","0","0","0,0","0,0","0","0","0","0:00","0,0","0:00","No","00:57.68","4","0,0","","","","","","","","","00:21:34","00:22:08","221","232"
Cardio,2022-09-21 22:10:05,false,"Cardio","0,00","236","00:23:36","130","155","2,5","","","","","","","0,00","0,0","0,0","0","0,0","0","0","0,0","0,0","0","0","0","0:00","0,0","0:00","No","23:36.40","1","0,0","","","","","","","","","00:00:00","00:23:36","",""
Ciclismo,2022-09-20 12:40:18,false,"Olgiate Olona Ciclismo","14,23","388","00:35:43","135","161","3,1","","","23,9","37,0","95","121","0,00","0,0","0,0","0","0,0","0","0","0,0","0,0","0","0","0","0:00","0,0","0:00","No","10:33.19","3","0,0","","","","","","","","","00:34:28","00:35:43","195","253"
Camminata,2022-09-18 17:09:11,false,"Margno Camminata","1,41","118","00:27:53","97","112","0,2","72","154","19:43","10:05","52","161","0,70","0,0","0,0","0","0,0","0","0","0,0","0,0","0","0","0","0:00","0,0","0:00","No","08:57.83","2","0,0","","","","","","","","","00:21:27","00:27:53","1.362","1.491"
Camminata,2022-09-18 15:30:31,false,"Margno Camminata","0,33","53","00:09:03,8","102","117","0,3","46","150","27:11","13:32","25","17","0,80","0,0","0,0","0","0,0","0","0","0,0","0,0","0","0","0","0:00","0,0","0:00","No","09:03.80","1","0,0","","","","","","","","","00:04:54","00:09:03,8","1.476","1.496"
Camminata,2022-09-18 12:30:58,false,"Casargo Camminata","1,86","205","00:38:52","104","134","0,7","67","160","20:53","11:14","170","78","0,72","0,0","0,0","0","0,0","0","0","0,0","0,0","0","0","0","0:00","0,0","0:00","No","16:28.46","2","0,0","","","","","","","","","00:29:15","00:38:52","1.373","1.489"
Esercizio di Respirazione,2022-09-17 16:31:38,false,"Relax e con​centr. (Breve)","","","00:05:34","78","90","0,0","","","","","","","0,00","0,0","0,0","0","0,0","0","0","0,0","0,0","0","0","0","0:00","0,0","0:00","No","00:04.00","77","0,0","4","4","5","24","24","48","39","58","00:00:00","00:05:34","",""
Cardio,2022-09-16 18:56:29,false,"Cardio","0,00","215","00:24:00","123","144","2,0","","","","","","","0,00","0,0","0,0","0","0,0","0","0","0,0","0,0","0","0","0","0:00","0,0","0:00","No","24:00.16","1","0,0","","","","","","","","","00:00:00","00:24:00","",""
Esercizio di Respirazione,2022-09-15 22:50:32,false,"Relax e con​centr. (Breve)","","","00:05:34","85","98","0,0","","","","","","","0,00","0,0","0,0","0","0,0","0","0","0,0","0,0","0","0","0","0:00","0,0","0:00","No","00:04.00","77","0,0","4","4","4","-28","90","62","56","91","00:00:00","00:05:34","",""
Corsa,2022-09-15 17:45:40,false,"Olgiate Olona Corsa","2,80","257","00:22:13","151","175","2,6","126","169","7:56","5:56","17","11","1,00","0,0","0,0","0","0,0","0","0","0,0","0,0","0","0","0","0:00","0,0","0:00","No","06:41.48","3","0,0","","","","","","","","","00:19:16","00:22:13","221","233"
Esercizio di Respirazione,2022-09-15 14:29:14,false,"Relax e con​centr. (Breve)","","","00:05:34","78","90","0,0","","","","","","","0,00","0,0","0,0","0","0,0","0","0","0,0","0,0","0","0","0","0:00","0,0","0:00","No","00:04.00","77","0,0","5","4","6","6","30","36","34","72","00:00:00","00:05:34","",""
Cardio,2022-09-15 09:06:06,false,"Cardio","0,00","260","00:25:05","132","159","2,5","","","","","","","0,00","0,0","0,0","0","0,0","0","0","0,0","0,0","0","0","0","0:00","0,0","0:00","No","25:04.63","1","0,0","","","","","","","","","00:00:00","00:25:13","",""
Esercizio di Respirazione,2022-09-14 22:41:30,false,"Coerenza","","","00:03:35,8","91","102","0,0","","","","","","","0,00","0,0","0,0","0","0,0","0","0","0,0","0,0","0","0","0","0:00","0,0","0:00","No","00:01.80","48","0,0","5","4","5","42","43","85","71","87","00:00:00","00:03:35,8","",""
Ciclismo,2022-09-14 12:48:50,false,"Olgiate Olona Ciclismo","27,83","719","01:07:03","137","158","3,4","","","24,9","43,8","56","59","0,00","0,0","0,0","0","0,0","0","0","0,0","0,0","0","0","0","0:00","0,0","0:00","No","07:36.65","6","0,0","","","","","","","","","01:05:42","01:07:03","175","234"
Esercizio di Respirazione,2022-09-14 09:46:29,false,"Coerenza","","","00:03:36,9","77","83","0,0","","","","","","","0,00","0,0","0,0","0","0,0","0","0","0,0","0,0","0","0","0","0:00","0,0","0:00","No","00:02.88","48","0,0","5","4","5","26","29","55","33","55","00:00:00","00:03:36,9","",""
Esercizio di Respirazione,2022-09-13 20:35:27,false,"Coerenza","","","00:03:36,5","89","97","0,0","","","","","","","0,00","0,0","0,0","0","0,0","0","0","0,0","0,0","0","0","0","0:00","0,0","0:00","No","00:02.49","48","0,0","4","4","4","16","64","80","72","82","00:00:00","00:03:36,5","",""
Cardio,2022-09-13 18:36:18,false,"Cardio","0,00","215","00:18:05","140","157","2,6","","","","","","","0,00","0,0","0,0","0","0,0","0","0","0,0","0,0","0","0","0","0:00","0,0","0:00","No","18:04.60","1","0,0","","","","","","","","","00:00:00","00:18:05","",""
Esercizio di Respirazione,2022-09-13 13:07:12,false,"Coerenza","","","00:08:40,7","80","87","0,0","","","","","","","0,00","0,0","0,0","0","0,0","0","0","0,0","0,0","0","0","0","0:00","0,0","0:00","No","00:00.69","109","0,0","6","4","7","-17","48","31","49","73","00:00:00","00:08:40,7","",""
Corsa,2022-09-12 13:24:16,false,"Olgiate Olona Corsa","4,21","377","00:32:44","147","167","3,1","128","165","7:46","5:40","22","23","1,01","0,0","0,0","0","0,0","0","0","0,0","0,0","0","0","0","0:00","0,0","0:00","No","02:48.56","5","0,0","","","","","","","","","00:29:45","00:32:44","221","233"
Corsa,2022-09-10 19:02:16,false,"Corsa","4,02","286","00:25:43","145","167","","144","228","6:24","1:15","","","1,09","0,0","0,0","0","0,0","0","0","0,0","0,0","0","0","0","0:00","0,0","0:00","No","00:09.81","5","0,0","","","","","","","","","00:23:26","00:25:43","",""
Corsa,2022-09-09 12:58:28,false,"Corsa","2,37","188","00:15:26","156","177","","140","216","6:30","0:42","","","1,10","0,0","0,0","0","0,0","0","0","0,0","0,0","0","0","0","0:00","0,0","0:00","No","03:03.13","3","0,0","","","","","","","","","00:14:07","00:15:26","",""
Corsa,2022-09-08 19:09:33,false,"Corsa","3,43","252","00:22:16","147","170","","144","220","6:30","0:33","","","1,08","0,0","0,0","0","0,0","0","0","0,0","0,0","0","0","0","0:00","0,0","0:00","No","03:25.03","4","0,0","","","","","","","","","00:20:54","00:22:16","",""
Corsa,2022-09-07 18:43:50,false,"Corsa serale","4,33","303","00:30:56","139","162","","136","234","7:09","1:06","","","1,02","0,0","0,0","0","0,0","0","0","0,0","0,0","0","0","0","0:00","0,0","0:00","No","04:05.04","5","0,0","","","","","","","","","00:28:29","00:30:56","",""
Corsa,2022-09-05 19:12:36,false,"Corsa","4,05","290","00:27:38","144","167","","138","194","6:49","1:09","","","1,05","0,0","0,0","0","0,0","0","0","0,0","0,0","0","0","0","0:00","0,0","0:00","No","00:41.21","5","0,0","","","","","","","","","00:25:36","00:28:28","",""
Ciclismo,2022-09-02 18:59:07,false,"Giro in bici","14,63","301","00:38:24","121","148","","","","22,9","","","","0,00","0,0","0,0","0","0,0","0","0","0,0","0,0","0","0","0","0:00","0,0","0:00","No","38:23.64","1","0,0","","","","","","","","","00:00:00","00:38:26","",""
Camminata,2022-09-01 21:50:37,false,"Camminata","3,51","266","00:22:58","152","175","","142","230","6:32","1:22","","","1,07","0,0","0,0","0","0,0","0","0","0,0","0,0","0","0","0","0:00","0,0","0:00","No","03:39.90","4","0,0","","","","","","","","","00:20:35","00:22:58","",""
Camminata,2019-08-04 20:51:03,false,"Camminata","0,43","29","00:07:11,1","94","112","","82","146","16:48","3:28","","","0,73","0,0","0,0","0","0,0","0","0","0,0","0,0","0","0","0","0:00","0,0","0:00","No","00:00.00","1","0,0","","","","","","","","","00:05:28","00:07:11,1","",""
Camminata,2019-08-04 19:44:40,false,"Camminata","0,53","34","00:07:45,0","97","107","","102","120","14:41","5:12","","","0,67","0,0","0,0","0","0,0","0","0","0,0","0,0","0","0","0","0:00","0,0","0:00","No","00:00.00","1","0,0","","","","","","","","","00:05:54","00:07:45,0","",""
Camminata,2019-06-13 13:32:12,false,"Camminata","0,54","48","00:08:05,0","111","143","","102","168","15:03","5:12","","","0,65","0,0","0,0","0","0,0","0","0","0,0","0,0","0","0","0","0:00","0,0","0:00","No","00:00.00","1","0,0","","","","","","","","","00:05:39","00:08:05,0","",""
Camminata,2019-05-06 08:48:12,false,"Camminata","0,56","45","00:07:49,0","107","118","","108","144","13:59","5:13","","","0,66","0,0","0,0","0","0,0","0","0","0,0","0,0","0","0","0","0:00","0,0","0:00","No","00:00.00","1","0,0","","","","","","","","","00:05:39","00:07:49,0","",""
Camminata,2019-04-11 08:22:24,false,"Camminata","0,70","48","00:09:42,8","92","108","","108","144","13:58","6:55","","","0,66","0,0","0,0","0","0,0","0","0","0,0","0,0","0","0","0","0:00","0,0","0:00","No","00:00.00","1","0,0","","","","","","","","","00:07:11","00:09:42,8","",""
Camminata,2019-04-11 08:13:57,false,"Camminata","0,68","36","00:06:25,2","111","120","","116","134","9:23","5:12","","","0,92","0,0","0,0","0","0,0","0","0","0,0","0,0","0","0","0","0:00","0,0","0:00","No","00:00.00","1","0,0","","","","","","","","","00:06:22","00:06:25,2","",""
Camminata,2019-04-09 23:14:53,false,"Camminata","0,55","38","00:07:13,1","92","105","","114","140","13:07","5:13","","","0,67","0,0","0,0","0","0,0","0","0","0,0","0,0","0","0","0","0:00","0,0","0:00","No","00:00.00","1","0,0","","","","","","","","","00:05:20","00:07:13,1","",""
Camminata,2019-04-09 22:51:59,false,"Camminata","0,78","51","00:09:42,8","90","115","","114","194","12:27","3:28","","","0,70","0,0","0,0","0","0,0","0","0","0,0","0,0","0","0","0","0:00","0,0","0:00","No","00:00.00","1","0,0","","","","","","","","","00:07:43","00:09:42,8","",""
Camminata,2019-04-09 18:00:39,false,"Camminata","0,89","87","00:14:58","112","154","","98","148","16:50","4:10","","","0,61","0,0","0,0","0","0,0","0","0","0,0","0,0","0","0","0","0:00","0,0","0:00","No","00:00.00","1","0,0","","","","","","","","","00:09:47","00:14:58","",""
Camminata,2019-04-04 18:00:48,false,"Camminata","1,51","90","00:19:25","100","113","","106","134","12:53","6:55","","","0,72","0,0","0,0","0","0,0","0","0","0,0","0,0","0","0","0","0:00","0,0","0:00","No","09:00.74","2","0,0","","","","","","","","","00:16:05","00:19:25","",""
Camminata,2019-04-04 17:46:01,false,"Camminata","0,79","48","00:09:00,9","107","116","","110","158","11:22","5:12","","","0,80","0,0","0,0","0","0,0","0","0","0,0","0,0","0","0","0","0:00","0,0","0:00","No","00:00.00","1","0,0","","","","","","","","","00:08:35","00:09:00,9","",""
Camminata,2019-04-04 08:21:21,false,"Camminata","1,28","107","00:16:52","120","130","","106","150","13:08","5:12","","","0,71","0,0","0,0","0","0,0","0","0","0,0","0,0","0","0","0","0:00","0,0","0:00","No","05:35.04","2","0,0","","","","","","","","","00:14:26","00:16:52","",""
Camminata,2019-04-04 08:06:38,false,"Camminata","0,60","33","00:06:37,1","106","117","","108","140","11:05","5:12","","","0,84","0,0","0,0","0","0,0","0","0","0,0","0,0","0","0","0","0:00","0,0","0:00","No","00:00.00","1","0,0","","","","","","","","","00:06:32","00:06:37,1","",""
Camminata,2019-04-04 07:07:09,false,"Camminata","0,91","62","00:12:01","84","103","","120","218","13:16","4:37","","","0,63","0,0","0,0","0","0,0","0","0","0,0","0,0","0","0","0","0:00","0,0","0:00","No","00:00.00","1","0,0","","","","","","","","","00:09:02","00:12:01","",""
Camminata,2019-03-29 10:22:04,false,"Camminata","0,81","66","00:11:44","95","136","","100","176","14:25","5:12","","","0,69","0,0","0,0","0","0,0","0","0","0,0","0,0","0","0","0","0:00","0,0","0:00","No","00:00.00","1","0,0","","","","","","","","","00:08:22","00:11:44","",""
Camminata,2019-03-27 19:15:01,false,"Camminata","0,84","90","00:11:45","125","173","","108","184","13:56","6:55","","","0,66","0,0","0,0","0","0,0","0","0","0,0","0,0","0","0","0","0:00","0,0","0:00","No","00:00.00","1","0,0","","","","","","","","","00:09:06","00:11:45","",""
Camminata,2019-03-27 18:02:20,false,"Camminata","2,32","148","00:28:30","86","115","","114","158","12:18","5:13","","","0,72","0,0","0,0","0","0,0","0","0","0,0","0,0","0","0","0","0:00","0,0","0:00","No","07:19.70","3","0,0","","","","","","","","","00:24:28","00:28:30","",""
Camminata,2019-03-27 08:02:37,false,"Camminata","2,61","203","00:32:20","114","156","","116","144","12:22","3:28","","","0,70","0,0","0,0","0","0,0","0","0","0,0","0,0","0","0","0","0:00","0,0","0:00","No","10:07.94","3","0,0","","","","","","","","","00:27:27","00:32:20","",""
Camminata,2019-03-27 07:08:37,false,"Camminata","0,87","67","00:10:27","105","140","","120","180","12:02","3:28","","","0,69","0,0","0,0","0","0,0","0","0","0,0","0,0","0","0","0","0:00","0,0","0:00","No","00:00.00","1","0,0","","","","","","","","","00:07:58","00:10:27","",""
Camminata,2019-03-25 16:46:00,false,"Camminata","0,71","50","00:09:40,8","105","118","","114","258","13:36","3:28","","","0,65","0,0","0,0","0","0,0","0","0","0,0","0,0","0","0","0","0:00","0,0","0:00","No","00:00.00","1","0,0","","","","","","","","","00:06:57","00:09:40,8","",""
Camminata,2019-03-25 12:34:06,false,"Camminata","0,63","48","00:09:34,8","103","118","","104","150","15:14","6:55","","","0,63","0,0","0,0","0","0,0","0","0","0,0","0,0","0","0","0","0:00","0,0","0:00","No","00:00.00","1","0,0","","","","","","","","","00:06:58","00:09:34,8","",""
Camminata,2019-03-18 11:54:51,false,"Camminata","0,53","44","00:08:11,1","103","124","","108","140","15:29","6:55","","","0,60","0,0","0,0","0","0,0","0","0","0,0","0,0","0","0","0","0:00","0,0","0:00","No","00:00.00","1","0,0","","","","","","","","","00:05:28","00:08:11,1","",""
Camminata,2019-03-18 10:43:23,false,"Camminata","0,48","37","00:06:55,2","102","134","","114","132","14:17","6:55","","","0,61","0,0","0,0","0","0,0","0","0","0,0","0,0","0","0","0","0:00","0,0","0:00","No","00:00.00","1","0,0","","","","","","","","","00:04:43","00:06:55,2","",""
Camminata,2019-03-18 10:15:13,false,"Camminata","0,51","34","00:07:55,2","92","112","","98","156","15:37","4:09","","","0,65","0,0","0,0","0","0,0","0","0","0,0","0,0","0","0","0","0:00","0,0","0:00","No","00:00.00","1","0,0","","","","","","","","","00:05:40","00:07:55,2","",""
Camminata,2019-03-15 21:10:19,false,"Camminata","0,59","58","00:09:35,0","107","143","","106","158","16:17","6:55","","","0,58","0,0","0,0","0","0,0","0","0","0,0","0,0","0","0","0","0:00","0,0","0:00","No","00:00.00","1","0,0","","","","","","","","","00:06:18","00:09:35,0","",""
Camminata,2019-03-11 11:46:39,false,"Camminata","0,51","42","00:07:27,0","100","120","","108","158","14:40","5:12","","","0,63","0,0","0,0","0","0,0","0","0","0,0","0,0","0","0","0","0:00","0,0","0:00","No","00:00.00","1","0,0","","","","","","","","","00:05:13","00:07:27,0","",""
Camminata,2019-03-10 21:24:48,false,"Camminata","0,46","28","00:05:53,3","100","112","","106","150","12:50","6:55","","","0,74","0,0","0,0","0","0,0","0","0","0,0","0,0","0","0","0","0:00","0,0","0:00","No","00:00.00","1","0,0","","","","","","","","","00:05:06","00:05:53,3","",""
Camminata,2019-03-04 12:34:45,false,"Camminata","0,43","32","00:06:07,3","95","104","","108","186","14:14","3:47","","","0,65","0,0","0,0","0","0,0","0","0","0,0","0,0","0","0","0","0:00","0,0","0:00","No","00:00.00","1","0,0","","","","","","","","","00:04:09","00:06:07,3","",""
Camminata,2019-03-02 18:34:29,false,"Camminata","0,52","41","00:07:49,2","107","122","","110","128","15:07","5:57","","","0,60","0,0","0,0","0","0,0","0","0","0,0","0,0","0","0","0","0:00","0,0","0:00","No","00:00.00","1","0,0","","","","","","","","","00:05:31","00:07:49,2","",""
Camminata,2019-02-16 20:17:22,false,"Camminata","0,59","44","00:07:14,3","112","121","","104","168","12:22","5:12","","","0,78","0,0","0,0","0","0,0","0","0","0,0","0,0","0","0","0","0:00","0,0","0:00","No","00:00.00","1","0,0","","","","","","","","","00:05:46","00:07:14,3","",""
Camminata,2019-02-07 19:57:54,false,"Camminata","0,55","60","00:08:07,0","122","149","","110","164","14:52","5:12","","","0,61","0,0","0,0","0","0,0","0","0","0,0","0,0","0","0","0","0:00","0,0","0:00","No","00:00.00","1","0,0","","","","","","","","","00:05:43","00:08:07,0","",""
Camminata,2019-01-26 16:58:01,false,"Camminata","0,74","49","00:11:27","96","109","","104","132","15:34","5:12","","","0,62","0,0","0,0","0","0,0","0","0","0,0","0,0","0","0","0","0:00","0,0","0:00","No","00:00.00","1","0,0","","","","","","","","","00:08:38","00:11:27","",""
Camminata,2019-01-26 15:39:17,false,"Camminata","1,22","106","00:17:32","116","140","","100","192","14:19","3:28","","","0,70","0,0","0,0","0","0,0","0","0","0,0","0,0","0","0","0","0:00","0,0","0:00","No","00:00.00","2","0,0","","","","","","","","","00:13:54","00:17:32","",""
Camminata,2019-01-13 18:12:59,false,"Camminata","2,55","157","00:31:45","109","123","","106","160","12:27","5:12","","","0,75","0,0","0,0","0","0,0","0","0","0,0","0,0","0","0","0","0:00","0,0","0:00","No","00:00.00","3","0,0","","","","","","","","","00:28:12","00:31:45","",""
Camminata,2019-01-13 16:43:37,false,"Camminata","0,39","34","00:06:45,4","107","125","","92","144","17:24","6:55","","","0,62","0,0","0,0","0","0,0","0","0","0,0","0,0","0","0","0","0:00","0,0","0:00","No","00:00.00","1","0,0","","","","","","","","","00:04:41","00:06:45,4","",""
Camminata,2019-01-13 16:12:40,false,"Camminata","1,47","99","00:21:40","93","133","","100","158","14:46","5:12","","","0,68","0,0","0,0","0","0,0","0","0","0,0","0,0","0","0","0","0:00","0,0","0:00","No","00:00.00","2","0,0","","","","","","","","","00:16:36","00:21:40","",""
Ciclismo su strada,2019-01-05 11:11:30,false,"Cycling","0,00","39","00:10:11","89","108","","","","","","","","0,00","0,0","0,0","0","0,0","0","0","0,0","0,0","0","0","0","0:00","0,0","0:00","No","00:00.00","1","0,0","","","","","","","","","00:00:00","00:10:11","",""
Camminata,2019-01-03 13:43:25,false,"Camminata","1,07","94","00:15:51","114","127","","108","150","14:48","5:12","","","0,63","0,0","0,0","0","0,0","0","0","0,0","0,0","0","0","0","0:00","0,0","0:00","No","00:00.00","1","0,0","","","","","","","","","00:11:50","00:15:51","",""
Camminata,2019-01-02 15:07:49,false,"Camminata","1,16","115","00:18:18","116","156","","98","156","15:50","2:19","","","0,64","0,0","0,0","0","0,0","0","0","0,0","0,0","0","0","0","0:00","0,0","0:00","No","00:00.00","1","0,0","","","","","","","","","00:14:00","00:18:18","",""
Camminata,2019-01-02 14:30:46,false,"Camminata","0,81","68","00:10:45","113","130","","96","148","13:14","6:55","","","0,79","0,0","0,0","0","0,0","0","0","0,0","0,0","0","0","0","0:00","0,0","0:00","No","00:00.00","1","0,0","","","","","","","","","00:09:57","00:10:45","",""
Camminata,2019-01-02 12:57:15,false,"Camminata","1,49","102","00:20:50","93","111","","106","188","14:01","5:12","","","0,67","0,0","0,0","0","0,0","0","0","0,0","0,0","0","0","0","0:00","0,0","0:00","No","00:00.00","1","0,0","","","","","","","","","00:15:57","00:20:50","",""
